,IMAGE_Num,Scramble,Shanaa,Raphael,Charlene,Holly,Alfred,Maria,Samantha,Katie,Mike,Marco,Tasfia,Emily
169,1,1,ac unit,ac unit,ac unit,ac unit,ac unit,ac unit,ac unit,ac unit,ac unit,ac unit,ac unit,ac unit
192,2,1,flower,flower,flower,flower,flower,flower,flower,flower,flower,flower,flower,flower
258,3,1,tv router,tv router,tv router,tv router,tv router,tv router,tv router,tv router,tv router,tv router,tv router,tv router
329,4,1,bag,bag,bag,bag,bag,bag,bag,bag,bag,bag,bag,bag
387,5,1,barrel,barrel,barrel,barrel,barrel,barrel,barrel,barrel,barrel,barrel,barrel,barrel
167,6,1,battery,no idea,battery,no idea,battery,battery,battery,battery,battery,battery,battery,battery
213,7,1,birds nest,birds nest,birds nest,birds nest,birds nest,birds nest,birds nest,birds nest,birds nest,birds nest,birds nest,birds nest
215,8,1,belt,belt,belt,belt,belt,belt,belt,belt,belt,belt,belt,belt
158,9,1,scale,scale,scale,scale,scale,scale,scale,scale,scale,scale,scale,scale
220,10,1,shell,shell,shell,shell,shell,shell,shell,shell,shell,shell,shell,shell
16,11,1,googles,googles,googles,googles,googles,googles,googles,googles,googles,googles,googles,googles
43,12,1,shoe,shoe,shoe,shoe,shoe,shoe,shoe,shoe,shoe,shoe,shoe,shoe
366,13,1,bench,bench,bench,bench,bench,bench,bench,bench,bench,bench,bench,bench
97,14,1,speaker,speaker,speaker,speaker,speaker,speaker,speaker,speaker,speaker,speaker,speaker,speaker
13,15,1,speaker,speaker,speaker,speaker,speaker,speaker,speaker,speaker,speaker,speaker,speaker,speaker
332,16,1,kids toy,kids toy,kids toy,kids toy,kids toy,kids toy,kids toy,kids toy,kids toy,kids toy,kids toy,kids toy
73,17,1,basket,basket,basket,basket,basket,basket,basket,basket,basket,basket,basket,basket
203,18,1,teddy bear,teddy bear,teddy bear,teddy bear,teddy bear,teddy bear,teddy bear,teddy bear,teddy bear,teddy bear,teddy bear,teddy bear
79,19,1,bag,bag,bag,bag,bag,bag,bag,bag,bag,bag,bag,bag
130,20,1,sunglasses,sunglasses,sunglasses,sunglasses,sunglasses,sunglasses,sunglasses,sunglasses,sunglasses,sunglasses,sunglasses,sunglasses
310,21,1,table,table,table,table,table,table,table,table,table,table,table,table
205,22,1,tape,tape,tape,tape,tape,tape,tape,tape,tape,tape,tape,tape
154,23,1,tent,tent,tent,tent,tent,tent,tent,tent,tent,tent,tent,tent
299,24,1,twine,twine,twine,twine,twine,twine,twine,twine,twine,twine,twine,twine
109,25,1,kleenex,kleenex,kleenex,kleenex,kleenex,kleenex,kleenex,kleenex,kleenex,kleenex,kleenex,kleenex
59,26,1,bow tie,bow tie,bow tie,bow tie,bow tie,bow tie,bow tie,bow tie,bow tie,bow tie,bow tie,bow tie
260,27,1,train,train,train,train,train,train,train,train,train,train,train,train
90,28,1,tupperwear,tupperwear,tupperwear,tupperware,tupperwear,tupperwear,tupperwear,tupperwear,tupperwear,tupperwear,tupperwear,tupperwear
108,29,1,toque,toque,toque,toque,toque,toque,toque,toque,toque,toque,toque,toque
20,30,1,vhs,vhs,vhs,vhs,vhs,vhs,vhs,vhs,vhs,vhs,vhs,vhs
85,31,1,gift box,gift box,gift box,gift box,gift box,gift box,gift box,gift box,gift box,gift box,gift box,gift box
138,32,1,vhs,vhs,vhs,vhs,vhs,vhs,vhs,vhs,vhs,vhs,vhs,vhs
194,33,1,volleyball,volleyball,volleyball,volleyball,volleyball,volleyball,volleyball,volleyball,volleyball,volleyball,volleyball,volleyball
343,34,1,washing machine,washing machine,washing machine,washing machine,washing machine,washing machine,washing machine,washing machine,washing machine,washing machine,washing machine,washing machine
17,35,1,watch,watch,watch,watch,watch,watch,watch,watch,watch,watch,watch,watch
296,36,1,watermelon,watermelon,watermelon,watermelon,watermelon,watermelon,watermelon,watermelon,watermelon,watermelon,watermelon,watermelon
152,37,1,box,box,box,box,box,box,box,box,box,box,box,box
112,38,1,bucket,bucket,bucket,bucket,bucket,bucket,bucket,bucket,bucket,bucket,bucket,bucket
196,39,1,button,button,button,button,button,button,button,button,button,button,button,button
104,40,1,candelabra,candelabra,candelabra,candelabra,candelabra,candelabra,candelabra,candelabra,candelabra,candelabra,candelabra,candelabra
12,41,1,candle,candle,candle,candle,candle,candle,candle,candle,candle,candle,candle,candle
357,42,1,car,car,car,car,car,car,car,car,car,car,car,car
34,43,1,mirror,mirror,mirror,mirror,mirror,mirror,mirror,mirror,mirror,mirror,mirror,mirror
64,44,1,champagne,champagne,champagne,champagne,champagne,champagne,champagne,champagne,champagne,champagne,champagne,champagne
131,45,1,box,box,box,no idea,box,box,box,box,box,box,box,box
241,46,1,clock,clock,clock,clock,clock,clock,clock,clock,clock,clock,clock,clock
237,47,1,coffee beans,coffee beans,coffee beans,coffee beans,coffee beans,coffee beans,coffee beans,coffee beans,coffee beans,coffee beans,coffee beans,coffee beans
139,48,1,change,change,change,change,change,change,change,change,change,change,change,change
89,49,1,cooler,cooler,cooler,cooler,cooler,cooler,cooler,cooler,cooler,cooler,cooler,cooler
285,50,1,couch,couch,couch,couch,couch,couch,couch,couch,couch,couch,couch,couch
100,51,1,desk,desk,desk,desk,desk,desk,desk,desk,desk,desk,desk,desk
142,52,1,cd holder,cd holder,cd holder,cd holder,cd holder,cd holder,cd holder,cd holder,cd holder,cd holder,cd holder,cd holder
116,53,1,cables,cables,cables,cables,cables,cables,cables,cables,cables,cables,cables,cables
358,54,1,faucet,faucet,faucet,faucet,faucet,faucet,faucet,faucet,faucet,faucet,faucet,faucet
128,55,1,feather,feather,feather,feather,feather,feather,feather,feather,feather,feather,feather,feather
322,56,1,flipflop,flipflop,flipflop,flipflop,flipflop,flipflop,flipflop,flipflop,flipflop,flipflop,flipflop,flipflop
101,57,1,floppy disk,floppy disk,floppy disk,floppy disk,floppy disk,floppy disk,floppy disk,floppy disk,floppy disk,floppy disk,floppy disk,floppy disk
232,58,1,stool,stool,stool,stool,stool,stool,stool,stool,stool,stool,stool,stool
30,59,1,presents,presents,presents,presents,presents,presents,presents,presents,presents,presents,presents,presents
243,60,1,hard hat,hard hat,hard hat,hard hat,hard hat,hard hat,hard hat,hard hat,hard hat,hard hat,hard hat,hard hat
119,61,1,hat,hat,hat,hat,hat,hat,hat,hat,hat,hat,hat,hat
344,62,1,shoe,shoe,shoe,shoe,shoe,shoe,shoe,shoe,shoe,shoe,shoe,shoe
250,63,1,shoe,shoe,shoe,shoe,shoe,shoe,shoe,shoe,shoe,shoe,shoe,shoe
279,64,1,jar,jar,jar,jar,jar,jar,jar,jar,jar,jar,jar,jar
157,65,1,jeans,jeans,jeans,jeans,jeans,jeans,jeans,jeans,jeans,jeans,jeans,jeans
298,66,1,tractor,tractor,tractor,tractor,tractor,tractor,tractor,tractor,tractor,tractor,tractor,tractor
188,67,1,lemon,lemon,lemon,lemon,lemon,lemon,lemon,lemon,lemon,lemon,lemon,lemon
174,68,1,basketball net,basketball net,basketball net,basketball net,basketball net,basketball net,basketball net,basketball net,basketball net,basketball net,basketball net,basketball net
148,69,1,leather desk chair,leather desk chair,leather desk chair,leather desk chair,leather desk chair,leather desk chair,leather desk chair,leather desk chair,leather desk chair,leather desk chair,leather desk chair,leather desk chair
1,70,1,clock,clock,clock,clock,clock,clock,clock,clock,clock,clock,clock,clock
290,71,1,outlet,outlet,outlet,outlet,outlet,outlet,outlet,outlet,outlet,outlet,outlet,outlet
14,72,1,soother,soother,soother,soother,soother,soother,soother,soother,soother,soother,soother,soother
323,73,1,peanuts,peanuts,peanuts,peanuts,peanuts,peanuts,peanuts,peanuts,peanuts,peanuts,peanuts,peanuts
304,74,1,bottle,bottle,bottle,bottle,bottle,bottle,bottle,bottle,bottle,bottle,bottle,bottle
151,75,1,pinecone,pinecone,pinecone,pinecone,pinecone,pinecone,pinecone,pinecone,pinecone,pinecone,pinecone,pinecone
341,76,1,flower pot,flower pot,flower pot,flower pot,flower pot,flower pot,flower pot,flower pot,flower pot,flower pot,flower pot,flower pot
190,77,1,mailbox,mailbox,mailbox,mailbox,mailbox,mailbox,mailbox,mailbox,mailbox,mailbox,mailbox,mailbox
328,78,1,printer,printer,printer,printer,printer,printer,printer,printer,printer,printer,printer,printer
21,79,1,cone,cone,cone,cone,cone,cone,cone,cone,cone,cone,cone,cone
352,80,1,boombox,boombox,boombox,boombox,boombox,boombox,boombox,boombox,boombox,boombox,boombox,boombox
